booking_id,booking_datetime,covers,status,day_of_week
1,2024-01-01 19:30:00,4,show,Monday
2,2024-01-01 19:45:00,2,show,Monday
3,2024-01-01 20:45:00,2,cancelled,Monday
4,2024-01-01 20:45:00,4,cancelled,Monday
5,2024-01-01 21:45:00,3,show,Monday
6,2024-01-01 18:30:00,2,show,Monday
7,2024-01-01 18:15:00,2,show,Monday
8,2024-01-01 18:15:00,6,show,Monday
9,2024-01-02 19:00:00,2,show,Tuesday
10,2024-01-02 19:45:00,3,show,Tuesday
11,2024-01-02 19:15:00,6,no_show,Tuesday
12,2024-01-02 18:15:00,2,show,Tuesday
13,2024-01-02 20:30:00,4,show,Tuesday
14,2024-01-02 20:00:00,4,show,Tuesday
15,2024-01-02 18:00:00,4,show,Tuesday
16,2024-01-02 18:45:00,8,show,Tuesday
17,2024-01-02 19:00:00,2,no_show,Tuesday
18,2024-01-02 18:15:00,3,show,Tuesday
19,2024-01-03 20:15:00,2,show,Wednesday
20,2024-01-03 19:00:00,5,show,Wednesday
21,2024-01-03 20:45:00,2,show,Wednesday
22,2024-01-03 20:00:00,2,cancelled,Wednesday
23,2024-01-03 18:00:00,2,show,Wednesday
24,2024-01-03 20:45:00,2,show,Wednesday
25,2024-01-03 20:30:00,4,show,Wednesday
26,2024-01-03 19:00:00,2,show,Wednesday
27,2024-01-04 19:15:00,4,show,Thursday
28,2024-01-04 19:30:00,3,cancelled,Thursday
29,2024-01-04 19:45:00,6,no_show,Thursday
30,2024-01-04 19:00:00,2,show,Thursday
31,2024-01-04 19:30:00,3,show,Thursday
32,2024-01-04 20:00:00,4,no_show,Thursday
33,2024-01-04 18:00:00,3,show,Thursday
34,2024-01-05 20:45:00,3,cancelled,Friday
35,2024-01-05 19:00:00,3,show,Friday
36,2024-01-05 18:15:00,4,show,Friday
37,2024-01-05 19:30:00,4,show,Friday
38,2024-01-05 20:45:00,3,show,Friday
39,2024-01-05 19:00:00,2,show,Friday
40,2024-01-05 20:45:00,3,show,Friday
41,2024-01-05 19:45:00,2,show,Friday
42,2024-01-05 19:45:00,3,show,Friday
43,2024-01-05 19:45:00,4,show,Friday
44,2024-01-05 19:30:00,2,show,Friday
45,2024-01-05 20:30:00,4,show,Friday
46,2024-01-05 20:15:00,4,show,Friday
47,2024-01-05 18:15:00,2,show,Friday
48,2024-01-05 18:00:00,4,show,Friday
49,2024-01-05 18:15:00,2,show,Friday
50,2024-01-05 19:00:00,2,show,Friday
51,2024-01-06 19:45:00,3,show,Saturday
52,2024-01-06 18:30:00,4,show,Saturday
53,2024-01-06 19:30:00,3,show,Saturday
54,2024-01-06 21:45:00,5,show,Saturday
55,2024-01-06 19:15:00,2,no_show,Saturday
56,2024-01-06 19:00:00,2,show,Saturday
57,2024-01-06 19:30:00,2,show,Saturday
58,2024-01-06 19:30:00,2,show,Saturday
59,2024-01-06 18:30:00,3,no_show,Saturday
60,2024-01-06 18:45:00,5,show,Saturday
61,2024-01-06 18:45:00,4,cancelled,Saturday
62,2024-01-06 19:45:00,2,show,Saturday
63,2024-01-06 20:45:00,2,show,Saturday
64,2024-01-06 18:15:00,6,show,Saturday
65,2024-01-06 20:15:00,6,show,Saturday
66,2024-01-06 21:45:00,2,show,Saturday
67,2024-01-06 19:45:00,4,show,Saturday
68,2024-01-06 18:45:00,3,show,Saturday
69,2024-01-06 19:45:00,2,show,Saturday
70,2024-01-06 19:45:00,4,no_show,Saturday
71,2024-01-06 20:45:00,6,show,Saturday
72,2024-01-06 20:45:00,3,no_show,Saturday
73,2024-01-06 20:00:00,4,show,Saturday
74,2024-01-06 18:00:00,2,show,Saturday
75,2024-01-07 18:15:00,3,show,Sunday
76,2024-01-07 19:45:00,2,show,Sunday
77,2024-01-07 18:00:00,2,show,Sunday
78,2024-01-07 19:30:00,3,no_show,Sunday
79,2024-01-07 18:30:00,2,no_show,Sunday
80,2024-01-07 21:15:00,2,show,Sunday
81,2024-01-07 18:00:00,2,show,Sunday
82,2024-01-07 18:00:00,2,show,Sunday
83,2024-01-07 19:15:00,5,show,Sunday
84,2024-01-07 19:15:00,6,show,Sunday
85,2024-01-07 18:00:00,2,show,Sunday
86,2024-01-07 20:30:00,4,show,Sunday
87,2024-01-07 19:15:00,2,show,Sunday
88,2024-01-07 20:00:00,4,show,Sunday
89,2024-01-08 19:45:00,8,show,Monday
90,2024-01-08 20:30:00,4,show,Monday
91,2024-01-08 19:30:00,4,no_show,Monday
92,2024-01-08 18:00:00,4,show,Monday
93,2024-01-08 18:30:00,2,show,Monday
94,2024-01-09 20:30:00,2,show,Tuesday
95,2024-01-09 18:45:00,4,show,Tuesday
96,2024-01-09 19:45:00,5,show,Tuesday
97,2024-01-09 19:30:00,2,no_show,Tuesday
98,2024-01-09 20:30:00,2,show,Tuesday
99,2024-01-10 18:45:00,5,show,Wednesday
100,2024-01-10 19:45:00,4,show,Wednesday
101,2024-01-10 19:45:00,4,show,Wednesday
102,2024-01-10 18:00:00,5,show,Wednesday
103,2024-01-10 19:30:00,8,show,Wednesday
104,2024-01-10 20:30:00,6,no_show,Wednesday
105,2024-01-11 20:00:00,4,show,Thursday
106,2024-01-11 19:15:00,6,show,Thursday
107,2024-01-11 20:15:00,3,show,Thursday
108,2024-01-11 18:00:00,6,show,Thursday
109,2024-01-11 18:30:00,2,show,Thursday
110,2024-01-11 20:15:00,2,show,Thursday
111,2024-01-11 18:30:00,2,show,Thursday
112,2024-01-12 21:30:00,2,no_show,Friday
113,2024-01-12 19:30:00,5,show,Friday
114,2024-01-12 18:30:00,3,show,Friday
115,2024-01-12 19:00:00,2,show,Friday
116,2024-01-12 19:15:00,4,no_show,Friday
117,2024-01-12 21:00:00,2,show,Friday
118,2024-01-12 18:30:00,2,no_show,Friday
119,2024-01-12 21:30:00,2,show,Friday
120,2024-01-12 19:30:00,4,show,Friday
121,2024-01-12 18:30:00,4,show,Friday
122,2024-01-12 20:15:00,2,show,Friday
123,2024-01-12 20:15:00,3,show,Friday
124,2024-01-12 18:45:00,3,no_show,Friday
125,2024-01-12 21:45:00,2,no_show,Friday
126,2024-01-12 19:45:00,3,show,Friday
127,2024-01-12 20:30:00,2,show,Friday
128,2024-01-12 18:45:00,4,show,Friday
129,2024-01-12 19:00:00,2,cancelled,Friday
130,2024-01-12 19:15:00,2,show,Friday
131,2024-01-12 20:30:00,2,show,Friday
132,2024-01-12 18:45:00,4,show,Friday
133,2024-01-12 19:00:00,3,show,Friday
134,2024-01-13 19:15:00,2,show,Saturday
135,2024-01-13 21:45:00,2,show,Saturday
136,2024-01-13 20:15:00,4,show,Saturday
137,2024-01-13 19:15:00,5,no_show,Saturday
138,2024-01-13 21:00:00,5,show,Saturday
139,2024-01-13 18:45:00,4,show,Saturday
140,2024-01-13 20:30:00,8,show,Saturday
141,2024-01-13 19:15:00,2,show,Saturday
142,2024-01-13 20:15:00,2,no_show,Saturday
143,2024-01-13 19:00:00,4,no_show,Saturday
144,2024-01-13 18:30:00,4,show,Saturday
145,2024-01-13 20:45:00,6,show,Saturday
146,2024-01-13 19:45:00,2,show,Saturday
147,2024-01-13 20:00:00,2,show,Saturday
148,2024-01-13 18:15:00,2,show,Saturday
149,2024-01-13 20:15:00,4,show,Saturday
150,2024-01-13 18:15:00,3,show,Saturday
151,2024-01-13 20:15:00,2,show,Saturday
152,2024-01-14 18:45:00,5,show,Sunday
153,2024-01-14 19:45:00,5,show,Sunday
154,2024-01-14 19:30:00,3,show,Sunday
155,2024-01-14 18:15:00,2,show,Sunday
156,2024-01-14 18:00:00,4,show,Sunday
157,2024-01-14 19:00:00,6,show,Sunday
158,2024-01-14 19:15:00,2,show,Sunday
159,2024-01-14 20:00:00,5,show,Sunday
160,2024-01-14 19:45:00,4,no_show,Sunday
161,2024-01-14 19:00:00,5,show,Sunday
162,2024-01-14 20:15:00,4,show,Sunday
163,2024-01-14 20:00:00,4,show,Sunday
164,2024-01-14 19:15:00,4,no_show,Sunday
165,2024-01-15 20:45:00,3,show,Monday
166,2024-01-15 18:15:00,2,show,Monday
167,2024-01-15 18:30:00,3,no_show,Monday
168,2024-01-15 20:45:00,5,show,Monday
169,2024-01-15 18:00:00,4,show,Monday
170,2024-01-15 19:15:00,6,show,Monday
171,2024-01-15 18:30:00,4,no_show,Monday
172,2024-01-15 20:30:00,2,show,Monday
173,2024-01-15 20:00:00,4,show,Monday
174,2024-01-16 21:45:00,2,show,Tuesday
175,2024-01-16 18:45:00,2,show,Tuesday
176,2024-01-16 19:00:00,4,show,Tuesday
177,2024-01-16 19:00:00,2,show,Tuesday
178,2024-01-16 18:30:00,3,no_show,Tuesday
179,2024-01-16 18:45:00,2,show,Tuesday
180,2024-01-16 19:30:00,2,no_show,Tuesday
181,2024-01-16 19:00:00,3,no_show,Tuesday
182,2024-01-17 20:30:00,3,show,Wednesday
183,2024-01-17 19:15:00,4,no_show,Wednesday
184,2024-01-17 19:00:00,3,show,Wednesday
185,2024-01-17 20:15:00,3,show,Wednesday
186,2024-01-17 19:30:00,2,show,Wednesday
187,2024-01-18 19:15:00,3,show,Thursday
188,2024-01-18 20:45:00,4,show,Thursday
189,2024-01-18 20:30:00,2,show,Thursday
190,2024-01-18 20:15:00,2,show,Thursday
191,2024-01-18 20:00:00,2,show,Thursday
192,2024-01-18 19:00:00,3,show,Thursday
193,2024-01-19 20:00:00,4,show,Friday
194,2024-01-19 21:00:00,3,show,Friday
195,2024-01-19 20:00:00,4,show,Friday
196,2024-01-19 18:00:00,2,show,Friday
197,2024-01-19 18:00:00,4,show,Friday
198,2024-01-19 18:15:00,5,show,Friday
199,2024-01-19 20:30:00,5,show,Friday
200,2024-01-19 18:00:00,2,show,Friday
201,2024-01-19 18:00:00,4,show,Friday
202,2024-01-19 18:15:00,4,show,Friday
203,2024-01-19 18:45:00,2,show,Friday
204,2024-01-19 18:00:00,2,no_show,Friday
205,2024-01-19 20:45:00,2,no_show,Friday
206,2024-01-19 18:45:00,2,show,Friday
207,2024-01-19 19:00:00,4,show,Friday
208,2024-01-19 19:00:00,4,show,Friday
209,2024-01-19 18:30:00,2,show,Friday
210,2024-01-19 18:00:00,2,no_show,Friday
211,2024-01-20 21:45:00,2,show,Saturday
212,2024-01-20 19:45:00,2,show,Saturday
213,2024-01-20 21:30:00,2,no_show,Saturday
214,2024-01-20 18:30:00,2,show,Saturday
215,2024-01-20 18:15:00,3,show,Saturday
216,2024-01-20 19:30:00,2,show,Saturday
217,2024-01-20 21:30:00,5,cancelled,Saturday
218,2024-01-20 18:30:00,4,no_show,Saturday
219,2024-01-20 18:15:00,8,show,Saturday
220,2024-01-20 20:30:00,2,show,Saturday
221,2024-01-20 18:30:00,4,show,Saturday
222,2024-01-20 19:30:00,3,show,Saturday
223,2024-01-20 19:30:00,3,show,Saturday
224,2024-01-20 21:30:00,3,show,Saturday
225,2024-01-20 20:45:00,2,show,Saturday
226,2024-01-20 21:45:00,6,show,Saturday
227,2024-01-21 19:45:00,2,show,Sunday
228,2024-01-21 19:45:00,5,show,Sunday
229,2024-01-21 19:00:00,4,show,Sunday
230,2024-01-21 21:45:00,4,show,Sunday
231,2024-01-21 19:45:00,4,show,Sunday
232,2024-01-21 21:45:00,2,show,Sunday
233,2024-01-21 20:45:00,4,show,Sunday
234,2024-01-21 19:00:00,2,show,Sunday
235,2024-01-21 18:30:00,4,show,Sunday
236,2024-01-21 19:15:00,3,show,Sunday
237,2024-01-21 20:15:00,4,show,Sunday
238,2024-01-21 21:45:00,5,no_show,Sunday
239,2024-01-21 20:45:00,3,show,Sunday
240,2024-01-21 19:15:00,3,no_show,Sunday
241,2024-01-22 19:15:00,4,show,Monday
242,2024-01-22 18:15:00,2,show,Monday
243,2024-01-22 19:30:00,2,show,Monday
244,2024-01-22 19:45:00,2,show,Monday
245,2024-01-22 19:45:00,4,show,Monday
246,2024-01-22 20:30:00,2,show,Monday
247,2024-01-22 19:45:00,5,show,Monday
248,2024-01-22 19:30:00,3,show,Monday
249,2024-01-22 19:15:00,4,show,Monday
250,2024-01-22 19:45:00,5,show,Monday
251,2024-01-23 19:15:00,2,show,Tuesday
252,2024-01-23 21:45:00,4,show,Tuesday
253,2024-01-23 18:15:00,4,show,Tuesday
254,2024-01-23 20:30:00,2,show,Tuesday
255,2024-01-23 18:45:00,5,show,Tuesday
256,2024-01-23 20:30:00,2,show,Tuesday
257,2024-01-23 18:30:00,8,show,Tuesday
258,2024-01-24 18:30:00,4,show,Wednesday
259,2024-01-24 21:00:00,4,show,Wednesday
260,2024-01-24 18:45:00,5,show,Wednesday
261,2024-01-24 20:15:00,4,no_show,Wednesday
262,2024-01-24 19:00:00,2,show,Wednesday
263,2024-01-24 20:45:00,3,show,Wednesday
264,2024-01-24 19:00:00,3,show,Wednesday
265,2024-01-24 19:00:00,2,show,Wednesday
266,2024-01-25 19:30:00,4,no_show,Thursday
267,2024-01-25 20:45:00,3,show,Thursday
268,2024-01-25 19:30:00,2,show,Thursday
269,2024-01-25 21:15:00,2,show,Thursday
270,2024-01-25 18:00:00,2,show,Thursday
271,2024-01-25 19:45:00,4,show,Thursday
272,2024-01-26 19:30:00,5,show,Friday
273,2024-01-26 20:00:00,2,show,Friday
274,2024-01-26 19:45:00,4,show,Friday
275,2024-01-26 20:15:00,5,show,Friday
276,2024-01-26 20:15:00,4,show,Friday
277,2024-01-26 21:30:00,3,show,Friday
278,2024-01-26 19:00:00,4,show,Friday
279,2024-01-26 19:45:00,4,show,Friday
280,2024-01-26 18:30:00,4,show,Friday
281,2024-01-26 19:30:00,3,show,Friday
282,2024-01-26 21:45:00,4,show,Friday
283,2024-01-26 18:45:00,4,show,Friday
284,2024-01-26 20:00:00,2,show,Friday
285,2024-01-26 19:45:00,2,show,Friday
286,2024-01-26 19:00:00,2,cancelled,Friday
287,2024-01-26 19:00:00,2,show,Friday
288,2024-01-26 18:00:00,6,show,Friday
289,2024-01-26 19:15:00,4,show,Friday
290,2024-01-26 20:45:00,4,show,Friday
291,2024-01-26 18:30:00,2,show,Friday
292,2024-01-26 19:00:00,2,show,Friday
293,2024-01-26 18:15:00,5,show,Friday
294,2024-01-26 19:00:00,4,show,Friday
295,2024-01-27 19:30:00,2,show,Saturday
296,2024-01-27 18:00:00,5,show,Saturday
297,2024-01-27 19:15:00,2,show,Saturday
298,2024-01-27 19:15:00,2,show,Saturday
299,2024-01-27 18:15:00,5,show,Saturday
300,2024-01-27 19:30:00,4,cancelled,Saturday
301,2024-01-27 19:30:00,4,show,Saturday
302,2024-01-27 19:45:00,6,show,Saturday
303,2024-01-27 18:30:00,2,show,Saturday
304,2024-01-27 19:15:00,4,show,Saturday
305,2024-01-27 20:15:00,3,cancelled,Saturday
306,2024-01-27 19:45:00,2,show,Saturday
307,2024-01-27 19:30:00,2,show,Saturday
308,2024-01-27 20:45:00,8,no_show,Saturday
309,2024-01-27 18:45:00,2,show,Saturday
310,2024-01-27 20:00:00,4,no_show,Saturday
311,2024-01-27 19:45:00,2,show,Saturday
312,2024-01-27 20:15:00,4,show,Saturday
313,2024-01-27 20:30:00,2,show,Saturday
314,2024-01-27 19:00:00,2,show,Saturday
315,2024-01-27 21:00:00,2,show,Saturday
316,2024-01-27 18:45:00,2,show,Saturday
317,2024-01-27 19:00:00,2,show,Saturday
318,2024-01-27 20:45:00,2,show,Saturday
319,2024-01-28 18:15:00,2,show,Sunday
320,2024-01-28 19:00:00,3,show,Sunday
321,2024-01-28 20:00:00,6,show,Sunday
322,2024-01-28 18:15:00,3,show,Sunday
323,2024-01-28 19:00:00,4,show,Sunday
324,2024-01-28 21:00:00,4,show,Sunday
325,2024-01-28 20:15:00,8,show,Sunday
326,2024-01-28 19:45:00,5,show,Sunday
327,2024-01-28 18:30:00,4,show,Sunday
328,2024-01-28 18:00:00,3,show,Sunday
329,2024-01-28 18:30:00,4,show,Sunday
330,2024-01-28 19:00:00,2,show,Sunday
331,2024-01-28 21:30:00,4,show,Sunday
332,2024-01-29 18:00:00,4,show,Monday
333,2024-01-29 18:45:00,4,show,Monday
334,2024-01-29 20:45:00,6,show,Monday
335,2024-01-29 18:00:00,2,no_show,Monday
336,2024-01-29 20:00:00,2,show,Monday
337,2024-01-29 20:30:00,4,no_show,Monday
338,2024-01-30 20:30:00,4,show,Tuesday
339,2024-01-30 20:00:00,2,show,Tuesday
340,2024-01-30 19:45:00,2,show,Tuesday
341,2024-01-30 20:15:00,2,show,Tuesday
342,2024-01-30 19:15:00,4,show,Tuesday
343,2024-01-30 19:15:00,2,show,Tuesday
344,2024-01-30 19:00:00,2,show,Tuesday
345,2024-01-31 19:15:00,2,no_show,Wednesday
346,2024-01-31 19:00:00,2,cancelled,Wednesday
347,2024-01-31 20:15:00,4,show,Wednesday
348,2024-01-31 20:15:00,2,show,Wednesday
349,2024-01-31 20:45:00,4,show,Wednesday
350,2024-01-31 21:45:00,3,show,Wednesday
351,2024-01-31 19:45:00,3,cancelled,Wednesday
352,2024-01-31 19:45:00,2,show,Wednesday
353,2024-01-31 18:45:00,6,cancelled,Wednesday
354,2024-01-31 20:15:00,2,show,Wednesday
355,2024-01-31 19:30:00,3,show,Wednesday
356,2024-02-01 19:00:00,2,show,Thursday
357,2024-02-01 20:30:00,2,no_show,Thursday
358,2024-02-01 20:30:00,5,show,Thursday
359,2024-02-01 20:45:00,2,cancelled,Thursday
360,2024-02-01 19:30:00,2,show,Thursday
361,2024-02-01 18:30:00,2,show,Thursday
362,2024-02-01 19:15:00,5,show,Thursday
363,2024-02-01 20:45:00,4,no_show,Thursday
364,2024-02-02 20:30:00,2,show,Friday
365,2024-02-02 20:15:00,2,no_show,Friday
366,2024-02-02 21:00:00,4,show,Friday
367,2024-02-02 19:45:00,5,show,Friday
368,2024-02-02 19:00:00,4,show,Friday
369,2024-02-02 21:15:00,2,show,Friday
370,2024-02-02 20:15:00,2,show,Friday
371,2024-02-02 19:45:00,2,no_show,Friday
372,2024-02-02 20:15:00,3,show,Friday
373,2024-02-02 19:00:00,5,show,Friday
374,2024-02-02 18:15:00,6,show,Friday
375,2024-02-02 18:00:00,2,show,Friday
376,2024-02-02 21:00:00,2,show,Friday
377,2024-02-02 19:45:00,4,show,Friday
378,2024-02-02 21:15:00,2,show,Friday
379,2024-02-02 20:00:00,5,show,Friday
380,2024-02-02 20:30:00,4,show,Friday
381,2024-02-02 18:45:00,5,show,Friday
382,2024-02-03 20:15:00,2,show,Saturday
383,2024-02-03 20:45:00,2,show,Saturday
384,2024-02-03 18:30:00,8,no_show,Saturday
385,2024-02-03 19:45:00,4,show,Saturday
386,2024-02-03 21:00:00,4,show,Saturday
387,2024-02-03 21:45:00,5,cancelled,Saturday
388,2024-02-03 19:00:00,2,show,Saturday
389,2024-02-03 21:15:00,2,show,Saturday
390,2024-02-03 21:30:00,3,show,Saturday
391,2024-02-03 19:15:00,3,show,Saturday
392,2024-02-03 18:15:00,6,show,Saturday
393,2024-02-03 18:30:00,2,show,Saturday
394,2024-02-03 19:15:00,4,show,Saturday
395,2024-02-03 20:15:00,5,show,Saturday
396,2024-02-03 20:45:00,3,show,Saturday
397,2024-02-03 20:30:00,4,show,Saturday
398,2024-02-03 19:45:00,2,show,Saturday
399,2024-02-03 19:45:00,2,show,Saturday
400,2024-02-03 18:15:00,2,cancelled,Saturday
401,2024-02-03 20:00:00,8,show,Saturday
402,2024-02-03 18:45:00,4,cancelled,Saturday
403,2024-02-04 19:00:00,2,show,Sunday
404,2024-02-04 21:30:00,4,show,Sunday
405,2024-02-04 19:00:00,2,show,Sunday
406,2024-02-04 20:15:00,2,show,Sunday
407,2024-02-04 18:00:00,2,no_show,Sunday
408,2024-02-04 19:00:00,6,show,Sunday
409,2024-02-04 19:45:00,2,no_show,Sunday
410,2024-02-04 20:45:00,2,cancelled,Sunday
411,2024-02-04 19:15:00,5,show,Sunday
412,2024-02-04 20:00:00,2,no_show,Sunday
413,2024-02-04 19:45:00,8,show,Sunday
414,2024-02-05 20:45:00,4,show,Monday
415,2024-02-05 19:30:00,2,show,Monday
416,2024-02-05 18:45:00,2,show,Monday
417,2024-02-05 20:45:00,2,show,Monday
418,2024-02-05 19:45:00,5,show,Monday
419,2024-02-05 19:00:00,2,show,Monday
420,2024-02-06 18:15:00,3,show,Tuesday
421,2024-02-06 18:15:00,4,show,Tuesday
422,2024-02-06 18:00:00,6,show,Tuesday
423,2024-02-06 20:15:00,2,show,Tuesday
424,2024-02-06 19:45:00,2,show,Tuesday
425,2024-02-06 21:00:00,5,show,Tuesday
426,2024-02-06 20:15:00,3,show,Tuesday
427,2024-02-06 19:15:00,5,no_show,Tuesday
428,2024-02-06 19:15:00,2,show,Tuesday
429,2024-02-07 20:00:00,2,show,Wednesday
430,2024-02-07 18:15:00,4,show,Wednesday
431,2024-02-07 21:00:00,2,show,Wednesday
432,2024-02-07 20:00:00,5,show,Wednesday
433,2024-02-07 19:15:00,2,show,Wednesday
434,2024-02-07 18:30:00,6,show,Wednesday
435,2024-02-08 20:15:00,4,no_show,Thursday
436,2024-02-08 19:30:00,6,show,Thursday
437,2024-02-08 19:15:00,2,show,Thursday
438,2024-02-08 21:15:00,4,show,Thursday
439,2024-02-08 21:45:00,4,show,Thursday
440,2024-02-08 19:45:00,5,show,Thursday
441,2024-02-08 18:45:00,4,show,Thursday
442,2024-02-09 21:30:00,8,show,Friday
443,2024-02-09 19:45:00,4,cancelled,Friday
444,2024-02-09 19:45:00,4,show,Friday
445,2024-02-09 18:15:00,3,show,Friday
446,2024-02-09 19:45:00,4,show,Friday
447,2024-02-09 18:00:00,3,show,Friday
448,2024-02-09 20:45:00,4,show,Friday
449,2024-02-09 18:30:00,4,show,Friday
450,2024-02-09 18:30:00,2,show,Friday
451,2024-02-09 18:45:00,2,no_show,Friday
452,2024-02-09 20:00:00,2,show,Friday
453,2024-02-09 20:00:00,4,show,Friday
454,2024-02-09 21:00:00,4,no_show,Friday
455,2024-02-09 19:45:00,2,show,Friday
456,2024-02-09 18:30:00,6,no_show,Friday
457,2024-02-09 19:00:00,4,show,Friday
458,2024-02-10 19:00:00,4,show,Saturday
459,2024-02-10 20:45:00,2,show,Saturday
460,2024-02-10 18:45:00,6,show,Saturday
461,2024-02-10 19:30:00,3,show,Saturday
462,2024-02-10 18:45:00,3,show,Saturday
463,2024-02-10 21:30:00,4,show,Saturday
464,2024-02-10 20:00:00,2,show,Saturday
465,2024-02-10 19:30:00,2,show,Saturday
466,2024-02-10 18:45:00,8,show,Saturday
467,2024-02-10 21:30:00,3,show,Saturday
468,2024-02-10 19:00:00,3,show,Saturday
469,2024-02-10 18:45:00,4,show,Saturday
470,2024-02-10 19:15:00,5,show,Saturday
471,2024-02-10 20:30:00,4,show,Saturday
472,2024-02-10 18:00:00,3,no_show,Saturday
473,2024-02-10 18:30:00,2,show,Saturday
474,2024-02-10 19:15:00,2,show,Saturday
475,2024-02-10 18:00:00,2,show,Saturday
476,2024-02-10 19:30:00,2,show,Saturday
477,2024-02-10 18:45:00,4,no_show,Saturday
478,2024-02-10 18:15:00,2,show,Saturday
479,2024-02-10 20:15:00,2,show,Saturday
480,2024-02-11 20:15:00,4,show,Sunday
481,2024-02-11 19:15:00,4,show,Sunday
482,2024-02-11 18:45:00,2,no_show,Sunday
483,2024-02-11 19:15:00,5,no_show,Sunday
484,2024-02-11 19:45:00,2,show,Sunday
485,2024-02-11 19:45:00,4,cancelled,Sunday
486,2024-02-11 19:00:00,2,show,Sunday
487,2024-02-11 20:00:00,4,no_show,Sunday
488,2024-02-11 19:45:00,2,show,Sunday
489,2024-02-11 20:30:00,3,show,Sunday
490,2024-02-11 18:00:00,4,show,Sunday
491,2024-02-12 18:45:00,3,show,Monday
492,2024-02-12 19:15:00,2,show,Monday
493,2024-02-12 19:30:00,4,show,Monday
494,2024-02-12 19:00:00,6,cancelled,Monday
495,2024-02-12 19:00:00,3,show,Monday
496,2024-02-12 18:45:00,2,show,Monday
497,2024-02-12 21:00:00,3,show,Monday
498,2024-02-12 21:45:00,4,show,Monday
499,2024-02-12 21:15:00,2,show,Monday
500,2024-02-12 20:30:00,2,no_show,Monday
501,2024-02-12 20:00:00,2,show,Monday
502,2024-02-13 18:30:00,8,show,Tuesday
503,2024-02-13 19:30:00,5,cancelled,Tuesday
504,2024-02-13 21:30:00,2,show,Tuesday
505,2024-02-13 18:00:00,3,show,Tuesday
506,2024-02-13 21:15:00,5,show,Tuesday
507,2024-02-14 20:45:00,2,show,Wednesday
508,2024-02-14 19:00:00,5,show,Wednesday
509,2024-02-14 18:30:00,4,show,Wednesday
510,2024-02-14 19:00:00,2,show,Wednesday
511,2024-02-14 19:15:00,6,show,Wednesday
512,2024-02-14 19:00:00,4,cancelled,Wednesday
513,2024-02-14 20:30:00,3,show,Wednesday
514,2024-02-15 18:15:00,5,show,Thursday
515,2024-02-15 20:30:00,4,show,Thursday
516,2024-02-15 19:30:00,2,show,Thursday
517,2024-02-15 18:45:00,4,no_show,Thursday
518,2024-02-15 18:15:00,6,show,Thursday
519,2024-02-15 21:00:00,4,show,Thursday
520,2024-02-16 18:15:00,4,show,Friday
521,2024-02-16 19:15:00,2,show,Friday
522,2024-02-16 19:30:00,5,show,Friday
523,2024-02-16 19:15:00,2,show,Friday
524,2024-02-16 19:15:00,4,show,Friday
525,2024-02-16 20:45:00,3,show,Friday
526,2024-02-16 18:00:00,2,show,Friday
527,2024-02-16 19:15:00,8,show,Friday
528,2024-02-16 20:15:00,6,show,Friday
529,2024-02-16 20:45:00,2,show,Friday
530,2024-02-16 20:45:00,4,show,Friday
531,2024-02-16 19:30:00,4,show,Friday
532,2024-02-16 20:00:00,3,show,Friday
533,2024-02-16 20:15:00,4,cancelled,Friday
534,2024-02-16 19:30:00,4,show,Friday
535,2024-02-16 19:30:00,6,show,Friday
536,2024-02-16 20:45:00,2,show,Friday
537,2024-02-16 20:00:00,4,show,Friday
538,2024-02-16 19:30:00,4,show,Friday
539,2024-02-16 19:00:00,3,show,Friday
540,2024-02-16 20:45:00,2,show,Friday
541,2024-02-16 21:00:00,4,no_show,Friday
542,2024-02-16 19:45:00,2,show,Friday
543,2024-02-16 20:15:00,3,show,Friday
544,2024-02-17 18:00:00,4,show,Saturday
545,2024-02-17 18:15:00,2,show,Saturday
546,2024-02-17 19:00:00,8,show,Saturday
547,2024-02-17 19:45:00,2,show,Saturday
548,2024-02-17 20:45:00,2,show,Saturday
549,2024-02-17 20:15:00,3,show,Saturday
550,2024-02-17 19:00:00,5,show,Saturday
551,2024-02-17 18:00:00,4,show,Saturday
552,2024-02-17 19:15:00,2,show,Saturday
553,2024-02-17 18:45:00,2,show,Saturday
554,2024-02-17 19:00:00,4,show,Saturday
555,2024-02-17 21:15:00,2,show,Saturday
556,2024-02-17 19:30:00,6,show,Saturday
557,2024-02-17 20:45:00,4,show,Saturday
558,2024-02-17 19:30:00,8,show,Saturday
559,2024-02-17 19:30:00,3,show,Saturday
560,2024-02-17 18:00:00,2,show,Saturday
561,2024-02-17 18:15:00,2,cancelled,Saturday
562,2024-02-17 18:00:00,2,show,Saturday
563,2024-02-17 21:15:00,4,no_show,Saturday
564,2024-02-17 18:00:00,5,show,Saturday
565,2024-02-17 19:15:00,3,no_show,Saturday
566,2024-02-17 19:45:00,4,show,Saturday
567,2024-02-18 18:45:00,2,show,Sunday
568,2024-02-18 19:15:00,4,show,Sunday
569,2024-02-18 21:30:00,8,show,Sunday
570,2024-02-18 20:00:00,4,show,Sunday
571,2024-02-18 20:30:00,4,no_show,Sunday
572,2024-02-18 18:45:00,6,no_show,Sunday
573,2024-02-18 20:00:00,5,show,Sunday
574,2024-02-18 19:30:00,6,show,Sunday
575,2024-02-18 20:30:00,2,show,Sunday
576,2024-02-18 20:15:00,2,show,Sunday
577,2024-02-18 19:30:00,2,show,Sunday
578,2024-02-18 18:30:00,2,show,Sunday
579,2024-02-18 19:15:00,4,show,Sunday
580,2024-02-18 21:45:00,4,show,Sunday
581,2024-02-19 19:30:00,3,show,Monday
582,2024-02-19 19:45:00,3,show,Monday
583,2024-02-19 20:15:00,2,show,Monday
584,2024-02-19 19:15:00,4,show,Monday
585,2024-02-19 19:15:00,4,show,Monday
586,2024-02-20 19:15:00,4,show,Tuesday
587,2024-02-20 20:30:00,6,no_show,Tuesday
588,2024-02-20 19:15:00,5,show,Tuesday
589,2024-02-20 21:00:00,3,show,Tuesday
590,2024-02-20 20:45:00,2,show,Tuesday
591,2024-02-20 19:00:00,2,show,Tuesday
592,2024-02-20 20:30:00,4,show,Tuesday
593,2024-02-20 20:30:00,2,show,Tuesday
594,2024-02-20 19:30:00,2,show,Tuesday
595,2024-02-20 18:00:00,4,show,Tuesday
596,2024-02-21 19:15:00,6,show,Wednesday
597,2024-02-21 21:45:00,3,show,Wednesday
598,2024-02-21 20:45:00,4,show,Wednesday
599,2024-02-21 19:45:00,2,show,Wednesday
600,2024-02-21 19:00:00,3,show,Wednesday
601,2024-02-21 20:45:00,4,cancelled,Wednesday
602,2024-02-21 20:45:00,5,cancelled,Wednesday
603,2024-02-22 18:30:00,4,show,Thursday
604,2024-02-22 20:30:00,5,show,Thursday
605,2024-02-22 18:15:00,5,show,Thursday
606,2024-02-22 20:00:00,4,show,Thursday
607,2024-02-22 18:00:00,3,show,Thursday
608,2024-02-23 19:45:00,3,show,Friday
609,2024-02-23 19:00:00,2,show,Friday
610,2024-02-23 19:00:00,5,show,Friday
611,2024-02-23 20:00:00,4,show,Friday
612,2024-02-23 19:30:00,2,show,Friday
613,2024-02-23 18:45:00,6,show,Friday
614,2024-02-23 21:00:00,4,show,Friday
615,2024-02-23 19:30:00,2,show,Friday
616,2024-02-23 20:30:00,3,show,Friday
617,2024-02-23 19:30:00,5,show,Friday
618,2024-02-23 21:30:00,3,show,Friday
619,2024-02-23 19:30:00,2,show,Friday
620,2024-02-23 19:00:00,2,no_show,Friday
621,2024-02-23 20:15:00,3,show,Friday
622,2024-02-23 19:00:00,4,show,Friday
623,2024-02-23 20:45:00,4,show,Friday
624,2024-02-23 19:45:00,2,show,Friday
625,2024-02-23 20:45:00,4,show,Friday
626,2024-02-23 19:15:00,2,show,Friday
627,2024-02-23 20:00:00,2,show,Friday
628,2024-02-23 18:15:00,2,show,Friday
629,2024-02-23 21:00:00,2,show,Friday
630,2024-02-23 18:15:00,2,show,Friday
631,2024-02-24 20:00:00,5,show,Saturday
632,2024-02-24 20:30:00,2,show,Saturday
633,2024-02-24 18:45:00,2,show,Saturday
634,2024-02-24 20:00:00,2,show,Saturday
635,2024-02-24 19:15:00,2,show,Saturday
636,2024-02-24 20:15:00,4,no_show,Saturday
637,2024-02-24 19:00:00,4,no_show,Saturday
638,2024-02-24 19:45:00,5,show,Saturday
639,2024-02-24 19:45:00,3,no_show,Saturday
640,2024-02-24 21:15:00,4,show,Saturday
641,2024-02-24 19:30:00,4,show,Saturday
642,2024-02-24 20:15:00,3,show,Saturday
643,2024-02-24 18:00:00,5,show,Saturday
644,2024-02-24 19:00:00,2,show,Saturday
645,2024-02-24 18:00:00,4,show,Saturday
646,2024-02-25 20:45:00,3,show,Sunday
647,2024-02-25 19:45:00,4,show,Sunday
648,2024-02-25 20:00:00,2,show,Sunday
649,2024-02-25 19:30:00,2,cancelled,Sunday
650,2024-02-25 20:30:00,2,show,Sunday
651,2024-02-25 19:30:00,8,show,Sunday
652,2024-02-25 18:30:00,2,show,Sunday
653,2024-02-25 20:45:00,4,no_show,Sunday
654,2024-02-25 20:45:00,4,show,Sunday
655,2024-02-25 19:00:00,6,show,Sunday
656,2024-02-25 19:45:00,2,show,Sunday
657,2024-02-26 19:45:00,2,show,Monday
658,2024-02-26 19:30:00,6,no_show,Monday
659,2024-02-26 18:15:00,6,show,Monday
660,2024-02-26 20:15:00,2,show,Monday
661,2024-02-26 20:30:00,4,cancelled,Monday
662,2024-02-26 19:15:00,3,show,Monday
663,2024-02-27 18:45:00,3,show,Tuesday
664,2024-02-27 19:45:00,5,show,Tuesday
665,2024-02-27 20:45:00,4,show,Tuesday
666,2024-02-27 18:30:00,3,no_show,Tuesday
667,2024-02-27 20:30:00,2,show,Tuesday
668,2024-02-27 19:45:00,4,no_show,Tuesday
669,2024-02-27 18:15:00,4,show,Tuesday
670,2024-02-27 19:15:00,2,show,Tuesday
671,2024-02-27 20:00:00,4,show,Tuesday
672,2024-02-27 19:30:00,2,show,Tuesday
673,2024-02-27 19:15:00,5,show,Tuesday
674,2024-02-28 20:15:00,4,show,Wednesday
675,2024-02-28 18:45:00,4,show,Wednesday
676,2024-02-28 18:00:00,3,show,Wednesday
677,2024-02-28 19:00:00,6,show,Wednesday
678,2024-02-28 19:00:00,2,show,Wednesday
679,2024-02-28 20:15:00,2,show,Wednesday
680,2024-02-28 18:00:00,2,show,Wednesday
681,2024-02-29 20:15:00,3,show,Thursday
682,2024-02-29 19:45:00,2,show,Thursday
683,2024-02-29 19:00:00,2,show,Thursday
684,2024-02-29 19:00:00,2,no_show,Thursday
685,2024-02-29 20:15:00,4,show,Thursday
686,2024-02-29 19:30:00,2,show,Thursday
687,2024-02-29 20:30:00,2,show,Thursday
688,2024-02-29 18:45:00,5,show,Thursday
689,2024-02-29 19:30:00,3,show,Thursday
690,2024-02-29 19:45:00,4,show,Thursday
691,2024-03-01 20:45:00,4,no_show,Friday
692,2024-03-01 20:30:00,3,no_show,Friday
693,2024-03-01 21:15:00,5,cancelled,Friday
694,2024-03-01 18:15:00,2,show,Friday
695,2024-03-01 20:15:00,2,show,Friday
696,2024-03-01 20:45:00,4,show,Friday
697,2024-03-01 19:45:00,2,show,Friday
698,2024-03-01 18:15:00,4,no_show,Friday
699,2024-03-01 18:45:00,2,show,Friday
700,2024-03-01 18:30:00,2,no_show,Friday
701,2024-03-01 19:30:00,2,show,Friday
702,2024-03-01 19:00:00,6,show,Friday
703,2024-03-01 19:00:00,4,show,Friday
704,2024-03-01 18:15:00,3,show,Friday
705,2024-03-01 20:00:00,2,show,Friday
706,2024-03-01 19:30:00,6,show,Friday
707,2024-03-01 18:00:00,2,show,Friday
708,2024-03-01 19:30:00,4,show,Friday
709,2024-03-01 18:45:00,6,show,Friday
710,2024-03-01 20:45:00,4,show,Friday
711,2024-03-02 19:00:00,2,show,Saturday
712,2024-03-02 20:45:00,4,show,Saturday
713,2024-03-02 18:00:00,2,show,Saturday
714,2024-03-02 20:15:00,6,show,Saturday
715,2024-03-02 18:15:00,3,show,Saturday
716,2024-03-02 19:00:00,2,show,Saturday
717,2024-03-02 19:15:00,8,show,Saturday
718,2024-03-02 18:30:00,2,show,Saturday
719,2024-03-02 20:45:00,2,show,Saturday
720,2024-03-02 19:00:00,4,show,Saturday
721,2024-03-02 21:45:00,4,show,Saturday
722,2024-03-02 20:15:00,3,show,Saturday
723,2024-03-02 19:45:00,2,show,Saturday
724,2024-03-02 19:30:00,3,show,Saturday
725,2024-03-02 20:15:00,6,show,Saturday
726,2024-03-02 21:45:00,2,show,Saturday
727,2024-03-02 20:00:00,5,show,Saturday
728,2024-03-02 18:45:00,2,show,Saturday
729,2024-03-02 20:30:00,4,show,Saturday
730,2024-03-03 21:30:00,2,show,Sunday
731,2024-03-03 18:45:00,2,show,Sunday
732,2024-03-03 18:15:00,2,show,Sunday
733,2024-03-03 21:30:00,2,show,Sunday
734,2024-03-03 21:15:00,3,show,Sunday
735,2024-03-03 19:45:00,3,show,Sunday
736,2024-03-03 20:00:00,2,cancelled,Sunday
737,2024-03-03 19:30:00,5,show,Sunday
738,2024-03-03 20:30:00,4,show,Sunday
739,2024-03-03 18:45:00,5,cancelled,Sunday
740,2024-03-03 20:45:00,4,show,Sunday
741,2024-03-04 19:30:00,2,show,Monday
742,2024-03-04 18:15:00,4,show,Monday
743,2024-03-04 19:30:00,2,show,Monday
744,2024-03-04 18:30:00,5,show,Monday
745,2024-03-04 19:00:00,3,cancelled,Monday
746,2024-03-04 20:30:00,4,show,Monday
747,2024-03-05 19:00:00,3,show,Tuesday
748,2024-03-05 21:00:00,2,show,Tuesday
749,2024-03-05 19:00:00,2,cancelled,Tuesday
750,2024-03-05 19:15:00,4,show,Tuesday
751,2024-03-05 18:45:00,3,no_show,Tuesday
752,2024-03-05 20:15:00,2,show,Tuesday
753,2024-03-05 20:15:00,2,show,Tuesday
754,2024-03-05 21:15:00,6,show,Tuesday
755,2024-03-05 21:45:00,2,show,Tuesday
756,2024-03-05 20:15:00,5,no_show,Tuesday
757,2024-03-06 19:30:00,2,show,Wednesday
758,2024-03-06 20:00:00,2,show,Wednesday
759,2024-03-06 18:30:00,3,show,Wednesday
760,2024-03-06 20:45:00,4,show,Wednesday
761,2024-03-06 19:45:00,2,show,Wednesday
762,2024-03-06 19:15:00,6,no_show,Wednesday
763,2024-03-06 21:15:00,2,show,Wednesday
764,2024-03-07 20:00:00,3,show,Thursday
765,2024-03-07 18:45:00,2,show,Thursday
766,2024-03-07 18:00:00,5,show,Thursday
767,2024-03-07 18:00:00,5,show,Thursday
768,2024-03-07 20:45:00,2,show,Thursday
769,2024-03-07 20:15:00,2,show,Thursday
770,2024-03-07 20:15:00,5,show,Thursday
771,2024-03-07 19:30:00,2,show,Thursday
772,2024-03-07 18:30:00,2,show,Thursday
773,2024-03-07 20:30:00,3,show,Thursday
774,2024-03-08 19:45:00,5,show,Friday
775,2024-03-08 21:45:00,5,show,Friday
776,2024-03-08 20:45:00,5,show,Friday
777,2024-03-08 21:30:00,2,show,Friday
778,2024-03-08 18:30:00,2,show,Friday
779,2024-03-08 20:45:00,3,show,Friday
780,2024-03-08 19:00:00,5,no_show,Friday
781,2024-03-08 19:30:00,4,show,Friday
782,2024-03-08 21:00:00,3,show,Friday
783,2024-03-08 18:30:00,6,show,Friday
784,2024-03-08 18:30:00,4,show,Friday
785,2024-03-08 19:15:00,2,show,Friday
786,2024-03-08 20:00:00,5,show,Friday
787,2024-03-08 19:45:00,2,show,Friday
788,2024-03-08 20:30:00,2,show,Friday
789,2024-03-08 19:00:00,6,show,Friday
790,2024-03-09 20:45:00,2,show,Saturday
791,2024-03-09 18:00:00,2,no_show,Saturday
792,2024-03-09 20:30:00,4,show,Saturday
793,2024-03-09 18:45:00,4,show,Saturday
794,2024-03-09 19:30:00,3,show,Saturday
795,2024-03-09 18:00:00,6,show,Saturday
796,2024-03-09 18:30:00,3,show,Saturday
797,2024-03-09 21:15:00,2,show,Saturday
798,2024-03-09 18:15:00,4,show,Saturday
799,2024-03-09 20:45:00,4,show,Saturday
800,2024-03-09 18:30:00,3,show,Saturday
801,2024-03-09 19:15:00,6,show,Saturday
802,2024-03-09 18:30:00,2,no_show,Saturday
803,2024-03-09 18:00:00,6,show,Saturday
804,2024-03-09 20:00:00,2,show,Saturday
805,2024-03-09 18:15:00,2,show,Saturday
806,2024-03-09 20:45:00,4,show,Saturday
807,2024-03-09 19:45:00,8,show,Saturday
808,2024-03-09 19:30:00,2,show,Saturday
809,2024-03-09 21:00:00,2,show,Saturday
810,2024-03-09 20:00:00,4,show,Saturday
811,2024-03-09 20:45:00,8,show,Saturday
812,2024-03-10 18:45:00,4,show,Sunday
813,2024-03-10 19:30:00,4,show,Sunday
814,2024-03-10 20:30:00,8,show,Sunday
815,2024-03-10 18:30:00,3,show,Sunday
816,2024-03-10 19:00:00,4,show,Sunday
817,2024-03-10 20:45:00,4,show,Sunday
818,2024-03-10 18:15:00,2,show,Sunday
819,2024-03-10 21:00:00,6,show,Sunday
820,2024-03-10 21:45:00,2,show,Sunday
821,2024-03-10 21:45:00,3,cancelled,Sunday
822,2024-03-10 19:15:00,2,show,Sunday
823,2024-03-10 20:15:00,2,show,Sunday
824,2024-03-10 21:30:00,2,no_show,Sunday
825,2024-03-11 21:00:00,2,show,Monday
826,2024-03-11 20:45:00,5,show,Monday
827,2024-03-11 19:30:00,4,no_show,Monday
828,2024-03-11 18:30:00,2,show,Monday
829,2024-03-11 20:00:00,2,show,Monday
830,2024-03-11 20:45:00,2,show,Monday
831,2024-03-12 20:15:00,3,show,Tuesday
832,2024-03-12 18:45:00,3,show,Tuesday
833,2024-03-12 19:15:00,4,show,Tuesday
834,2024-03-12 20:00:00,2,show,Tuesday
835,2024-03-12 20:15:00,2,show,Tuesday
836,2024-03-12 18:30:00,3,show,Tuesday
837,2024-03-12 20:15:00,3,show,Tuesday
838,2024-03-12 20:00:00,2,show,Tuesday
839,2024-03-12 18:00:00,4,show,Tuesday
840,2024-03-13 19:45:00,4,show,Wednesday
841,2024-03-13 20:00:00,4,show,Wednesday
842,2024-03-13 18:15:00,2,no_show,Wednesday
843,2024-03-13 20:15:00,4,show,Wednesday
844,2024-03-13 18:30:00,4,show,Wednesday
845,2024-03-13 20:15:00,4,show,Wednesday
846,2024-03-14 19:30:00,2,show,Thursday
847,2024-03-14 20:30:00,2,show,Thursday
848,2024-03-14 20:00:00,4,show,Thursday
849,2024-03-14 18:15:00,3,show,Thursday
850,2024-03-14 19:30:00,5,no_show,Thursday
851,2024-03-14 21:15:00,2,show,Thursday
852,2024-03-14 20:15:00,2,show,Thursday
853,2024-03-15 20:15:00,2,show,Friday
854,2024-03-15 20:30:00,4,no_show,Friday
855,2024-03-15 18:15:00,2,show,Friday
856,2024-03-15 21:45:00,2,show,Friday
857,2024-03-15 19:30:00,2,show,Friday
858,2024-03-15 18:30:00,6,no_show,Friday
859,2024-03-15 20:00:00,4,show,Friday
860,2024-03-15 18:45:00,4,show,Friday
861,2024-03-15 19:30:00,8,show,Friday
862,2024-03-15 19:00:00,4,show,Friday
863,2024-03-15 18:00:00,2,show,Friday
864,2024-03-15 20:30:00,6,show,Friday
865,2024-03-15 18:45:00,3,show,Friday
866,2024-03-15 18:00:00,2,show,Friday
867,2024-03-15 19:15:00,2,show,Friday
868,2024-03-15 19:00:00,2,show,Friday
869,2024-03-15 19:30:00,5,show,Friday
870,2024-03-16 20:30:00,4,show,Saturday
871,2024-03-16 19:30:00,3,show,Saturday
872,2024-03-16 18:00:00,3,show,Saturday
873,2024-03-16 21:15:00,2,show,Saturday
874,2024-03-16 20:00:00,3,show,Saturday
875,2024-03-16 19:45:00,6,show,Saturday
876,2024-03-16 18:15:00,2,show,Saturday
877,2024-03-16 19:30:00,4,cancelled,Saturday
878,2024-03-16 19:00:00,4,show,Saturday
879,2024-03-16 20:30:00,5,show,Saturday
880,2024-03-16 19:15:00,5,show,Saturday
881,2024-03-16 18:30:00,4,show,Saturday
882,2024-03-16 20:15:00,2,show,Saturday
883,2024-03-16 18:15:00,3,show,Saturday
884,2024-03-16 20:30:00,4,cancelled,Saturday
885,2024-03-17 19:45:00,2,show,Sunday
886,2024-03-17 19:00:00,3,show,Sunday
887,2024-03-17 20:15:00,4,show,Sunday
888,2024-03-17 19:30:00,5,show,Sunday
889,2024-03-17 18:00:00,4,show,Sunday
890,2024-03-17 19:00:00,2,show,Sunday
891,2024-03-17 18:30:00,2,show,Sunday
892,2024-03-17 20:00:00,2,show,Sunday
893,2024-03-17 18:45:00,2,no_show,Sunday
894,2024-03-17 20:45:00,4,show,Sunday
895,2024-03-17 20:15:00,4,show,Sunday
896,2024-03-18 20:15:00,8,show,Monday
897,2024-03-18 19:30:00,2,show,Monday
898,2024-03-18 18:45:00,2,show,Monday
899,2024-03-18 19:00:00,4,show,Monday
900,2024-03-18 21:15:00,2,show,Monday
901,2024-03-19 20:00:00,2,no_show,Tuesday
902,2024-03-19 21:15:00,8,show,Tuesday
903,2024-03-19 18:00:00,4,show,Tuesday
904,2024-03-19 19:15:00,6,show,Tuesday
905,2024-03-19 18:15:00,6,no_show,Tuesday
906,2024-03-19 19:30:00,4,cancelled,Tuesday
907,2024-03-19 20:15:00,4,show,Tuesday
908,2024-03-20 19:00:00,2,show,Wednesday
909,2024-03-20 19:15:00,2,show,Wednesday
910,2024-03-20 20:30:00,5,show,Wednesday
911,2024-03-20 20:30:00,4,show,Wednesday
912,2024-03-20 19:00:00,3,show,Wednesday
913,2024-03-20 20:15:00,2,cancelled,Wednesday
914,2024-03-21 19:45:00,8,show,Thursday
915,2024-03-21 18:15:00,2,show,Thursday
916,2024-03-21 20:30:00,2,show,Thursday
917,2024-03-21 19:45:00,4,show,Thursday
918,2024-03-21 20:15:00,3,show,Thursday
919,2024-03-21 19:00:00,2,show,Thursday
920,2024-03-21 19:30:00,4,show,Thursday
921,2024-03-21 19:15:00,4,show,Thursday
922,2024-03-21 20:45:00,4,show,Thursday
923,2024-03-21 20:15:00,5,show,Thursday
924,2024-03-21 19:30:00,5,show,Thursday
925,2024-03-22 19:00:00,4,show,Friday
926,2024-03-22 19:15:00,5,show,Friday
927,2024-03-22 20:00:00,3,show,Friday
928,2024-03-22 19:15:00,5,show,Friday
929,2024-03-22 21:30:00,2,show,Friday
930,2024-03-22 19:00:00,2,show,Friday
931,2024-03-22 20:30:00,2,show,Friday
932,2024-03-22 19:15:00,3,no_show,Friday
933,2024-03-22 18:15:00,2,show,Friday
934,2024-03-22 21:45:00,5,show,Friday
935,2024-03-22 20:00:00,2,show,Friday
936,2024-03-22 21:00:00,4,cancelled,Friday
937,2024-03-22 18:00:00,5,show,Friday
938,2024-03-22 18:15:00,4,show,Friday
939,2024-03-22 19:00:00,4,show,Friday
940,2024-03-22 18:30:00,2,show,Friday
941,2024-03-22 19:00:00,6,show,Friday
942,2024-03-22 21:45:00,8,show,Friday
943,2024-03-22 18:45:00,2,show,Friday
944,2024-03-22 20:45:00,6,show,Friday
945,2024-03-22 19:30:00,4,show,Friday
946,2024-03-22 20:45:00,2,show,Friday
947,2024-03-23 20:45:00,3,show,Saturday
948,2024-03-23 19:30:00,2,show,Saturday
949,2024-03-23 19:00:00,4,cancelled,Saturday
950,2024-03-23 21:00:00,2,show,Saturday
951,2024-03-23 21:45:00,2,show,Saturday
952,2024-03-23 18:30:00,5,show,Saturday
953,2024-03-23 19:15:00,5,show,Saturday
954,2024-03-23 20:30:00,3,show,Saturday
955,2024-03-23 19:45:00,2,show,Saturday
956,2024-03-23 21:45:00,6,show,Saturday
957,2024-03-23 18:00:00,2,show,Saturday
958,2024-03-23 20:00:00,2,show,Saturday
959,2024-03-23 20:00:00,2,show,Saturday
960,2024-03-23 18:15:00,4,show,Saturday
961,2024-03-23 18:00:00,4,show,Saturday
962,2024-03-23 20:15:00,6,show,Saturday
963,2024-03-23 19:30:00,6,show,Saturday
964,2024-03-23 19:00:00,2,show,Saturday
965,2024-03-23 18:45:00,4,show,Saturday
966,2024-03-23 20:00:00,3,show,Saturday
967,2024-03-23 20:45:00,4,show,Saturday
968,2024-03-24 20:15:00,8,show,Sunday
969,2024-03-24 19:45:00,5,show,Sunday
970,2024-03-24 19:45:00,2,show,Sunday
971,2024-03-24 18:30:00,2,show,Sunday
972,2024-03-24 20:15:00,6,show,Sunday
973,2024-03-24 20:45:00,2,show,Sunday
974,2024-03-24 20:30:00,4,show,Sunday
975,2024-03-24 20:45:00,2,show,Sunday
976,2024-03-24 18:45:00,4,show,Sunday
977,2024-03-24 18:15:00,2,show,Sunday
978,2024-03-24 18:00:00,4,show,Sunday
979,2024-03-24 19:30:00,3,no_show,Sunday
980,2024-03-24 19:00:00,3,show,Sunday
981,2024-03-25 18:30:00,2,show,Monday
982,2024-03-25 19:30:00,2,show,Monday
983,2024-03-25 18:30:00,3,show,Monday
984,2024-03-25 20:15:00,5,show,Monday
985,2024-03-25 18:15:00,2,show,Monday
986,2024-03-25 18:00:00,4,show,Monday
987,2024-03-25 18:00:00,5,show,Monday
988,2024-03-26 18:45:00,2,show,Tuesday
989,2024-03-26 19:15:00,4,show,Tuesday
990,2024-03-26 18:00:00,2,show,Tuesday
991,2024-03-26 18:45:00,2,show,Tuesday
992,2024-03-26 18:15:00,4,show,Tuesday
993,2024-03-26 20:00:00,5,show,Tuesday
994,2024-03-26 18:15:00,5,no_show,Tuesday
995,2024-03-26 20:15:00,4,show,Tuesday
996,2024-03-26 20:00:00,2,show,Tuesday
997,2024-03-27 20:45:00,4,show,Wednesday
998,2024-03-27 21:45:00,2,show,Wednesday
999,2024-03-27 20:15:00,6,show,Wednesday
1000,2024-03-27 18:30:00,2,show,Wednesday
1001,2024-03-27 20:00:00,2,show,Wednesday
1002,2024-03-27 20:15:00,2,show,Wednesday
1003,2024-03-27 20:15:00,4,show,Wednesday
1004,2024-03-27 20:00:00,2,show,Wednesday
1005,2024-03-27 18:15:00,2,show,Wednesday
1006,2024-03-27 20:45:00,2,show,Wednesday
1007,2024-03-28 20:00:00,3,show,Thursday
1008,2024-03-28 18:45:00,4,show,Thursday
1009,2024-03-28 18:30:00,4,show,Thursday
1010,2024-03-28 21:00:00,2,show,Thursday
1011,2024-03-28 20:00:00,2,show,Thursday
1012,2024-03-28 18:45:00,2,show,Thursday
1013,2024-03-28 20:00:00,2,show,Thursday
1014,2024-03-28 21:15:00,8,show,Thursday
1015,2024-03-29 19:15:00,6,no_show,Friday
1016,2024-03-29 19:00:00,2,show,Friday
1017,2024-03-29 20:45:00,4,show,Friday
1018,2024-03-29 18:30:00,4,show,Friday
1019,2024-03-29 20:00:00,4,show,Friday
1020,2024-03-29 18:15:00,4,show,Friday
1021,2024-03-29 21:15:00,2,show,Friday
1022,2024-03-29 19:30:00,2,show,Friday
1023,2024-03-29 18:15:00,2,show,Friday
1024,2024-03-29 19:45:00,4,show,Friday
1025,2024-03-29 21:45:00,2,show,Friday
1026,2024-03-29 20:30:00,3,show,Friday
1027,2024-03-29 19:45:00,3,show,Friday
1028,2024-03-29 21:30:00,3,show,Friday
1029,2024-03-29 19:00:00,2,show,Friday
1030,2024-03-29 18:00:00,3,show,Friday
1031,2024-03-29 18:00:00,4,cancelled,Friday
1032,2024-03-29 19:00:00,2,cancelled,Friday
1033,2024-03-29 20:45:00,2,no_show,Friday
1034,2024-03-29 20:45:00,2,show,Friday
1035,2024-03-29 18:00:00,4,show,Friday
1036,2024-03-30 21:00:00,5,show,Saturday
1037,2024-03-30 20:45:00,5,show,Saturday
1038,2024-03-30 20:45:00,4,show,Saturday
1039,2024-03-30 20:00:00,3,show,Saturday
1040,2024-03-30 18:00:00,5,show,Saturday
1041,2024-03-30 20:30:00,4,show,Saturday
1042,2024-03-30 21:15:00,4,show,Saturday
1043,2024-03-30 20:15:00,3,show,Saturday
1044,2024-03-30 18:30:00,2,show,Saturday
1045,2024-03-30 18:45:00,4,show,Saturday
1046,2024-03-30 19:45:00,4,show,Saturday
1047,2024-03-30 20:30:00,4,show,Saturday
1048,2024-03-30 19:15:00,6,show,Saturday
1049,2024-03-30 20:45:00,3,show,Saturday
1050,2024-03-30 20:00:00,4,show,Saturday
1051,2024-03-30 18:15:00,2,show,Saturday
1052,2024-03-30 18:15:00,2,show,Saturday
1053,2024-03-30 18:15:00,4,show,Saturday
1054,2024-03-30 19:00:00,4,show,Saturday
