booking_id,booking_datetime,covers,status,day_of_week
1,2024-01-01 20:45:00,6,show,Monday
2,2024-01-01 20:15:00,4,show,Monday
3,2024-01-01 18:15:00,8,show,Monday
4,2024-01-01 20:30:00,4,show,Monday
5,2024-01-01 19:15:00,2,show,Monday
6,2024-01-02 20:00:00,2,show,Tuesday
7,2024-01-02 21:15:00,4,show,Tuesday
8,2024-01-02 21:00:00,3,show,Tuesday
9,2024-01-02 19:30:00,2,show,Tuesday
10,2024-01-02 18:45:00,4,show,Tuesday
11,2024-01-03 18:00:00,2,show,Wednesday
12,2024-01-03 20:30:00,3,show,Wednesday
13,2024-01-03 20:00:00,4,no_show,Wednesday
14,2024-01-03 20:45:00,2,no_show,Wednesday
15,2024-01-03 18:15:00,2,show,Wednesday
16,2024-01-04 20:45:00,8,show,Thursday
17,2024-01-04 19:45:00,4,show,Thursday
18,2024-01-04 21:15:00,3,show,Thursday
19,2024-01-04 20:45:00,4,show,Thursday
20,2024-01-04 20:15:00,5,show,Thursday
21,2024-01-04 18:00:00,6,show,Thursday
22,2024-01-04 21:45:00,3,show,Thursday
23,2024-01-04 19:45:00,3,show,Thursday
24,2024-01-04 18:00:00,2,show,Thursday
25,2024-01-04 20:00:00,2,show,Thursday
26,2024-01-05 18:45:00,4,show,Friday
27,2024-01-05 20:00:00,2,show,Friday
28,2024-01-05 19:30:00,2,show,Friday
29,2024-01-05 19:00:00,4,show,Friday
30,2024-01-05 20:30:00,3,show,Friday
31,2024-01-05 20:30:00,5,show,Friday
32,2024-01-05 20:45:00,3,show,Friday
33,2024-01-05 18:00:00,2,show,Friday
34,2024-01-05 18:45:00,2,show,Friday
35,2024-01-05 20:30:00,2,show,Friday
36,2024-01-05 19:30:00,2,show,Friday
37,2024-01-05 21:45:00,3,show,Friday
38,2024-01-05 20:15:00,3,show,Friday
39,2024-01-05 19:45:00,2,show,Friday
40,2024-01-05 18:15:00,4,cancelled,Friday
41,2024-01-05 20:30:00,2,show,Friday
42,2024-01-05 19:45:00,2,show,Friday
43,2024-01-05 19:15:00,2,show,Friday
44,2024-01-05 21:30:00,2,show,Friday
45,2024-01-05 21:30:00,2,show,Friday
46,2024-01-05 20:30:00,2,no_show,Friday
47,2024-01-05 19:30:00,2,show,Friday
48,2024-01-05 19:15:00,4,no_show,Friday
49,2024-01-05 18:00:00,5,cancelled,Friday
50,2024-01-06 20:00:00,8,show,Saturday
51,2024-01-06 19:45:00,4,show,Saturday
52,2024-01-06 18:45:00,3,show,Saturday
53,2024-01-06 19:45:00,5,show,Saturday
54,2024-01-06 19:00:00,2,show,Saturday
55,2024-01-06 18:45:00,2,cancelled,Saturday
56,2024-01-06 19:30:00,2,no_show,Saturday
57,2024-01-06 19:00:00,2,show,Saturday
58,2024-01-06 19:15:00,5,show,Saturday
59,2024-01-06 20:15:00,4,show,Saturday
60,2024-01-06 19:30:00,4,show,Saturday
61,2024-01-06 18:30:00,2,show,Saturday
62,2024-01-06 18:30:00,2,show,Saturday
63,2024-01-06 18:15:00,2,show,Saturday
64,2024-01-06 19:00:00,8,show,Saturday
65,2024-01-06 18:00:00,3,show,Saturday
66,2024-01-06 19:15:00,4,show,Saturday
67,2024-01-06 19:30:00,2,show,Saturday
68,2024-01-06 21:30:00,2,show,Saturday
69,2024-01-06 20:30:00,2,show,Saturday
70,2024-01-06 19:15:00,2,show,Saturday
71,2024-01-06 19:00:00,8,show,Saturday
72,2024-01-07 19:00:00,2,show,Sunday
73,2024-01-07 20:30:00,3,show,Sunday
74,2024-01-07 21:00:00,2,show,Sunday
75,2024-01-07 19:45:00,6,show,Sunday
76,2024-01-07 19:00:00,2,show,Sunday
77,2024-01-07 20:45:00,2,show,Sunday
78,2024-01-07 19:45:00,6,show,Sunday
79,2024-01-07 19:45:00,4,show,Sunday
80,2024-01-07 20:45:00,2,no_show,Sunday
81,2024-01-07 19:30:00,2,show,Sunday
82,2024-01-08 21:45:00,2,show,Monday
83,2024-01-08 18:45:00,2,show,Monday
84,2024-01-08 19:30:00,3,show,Monday
85,2024-01-08 19:15:00,3,show,Monday
86,2024-01-08 19:00:00,2,show,Monday
87,2024-01-08 19:45:00,4,show,Monday
88,2024-01-08 18:15:00,4,show,Monday
89,2024-01-08 18:30:00,3,no_show,Monday
90,2024-01-08 18:45:00,5,show,Monday
91,2024-01-08 18:30:00,4,show,Monday
92,2024-01-09 19:30:00,4,cancelled,Tuesday
93,2024-01-09 20:45:00,5,show,Tuesday
94,2024-01-09 20:15:00,4,show,Tuesday
95,2024-01-09 19:45:00,2,no_show,Tuesday
96,2024-01-09 20:15:00,2,show,Tuesday
97,2024-01-09 19:30:00,4,show,Tuesday
98,2024-01-09 19:30:00,3,show,Tuesday
99,2024-01-09 20:15:00,5,show,Tuesday
100,2024-01-10 18:15:00,6,cancelled,Wednesday
101,2024-01-10 18:45:00,3,show,Wednesday
102,2024-01-10 21:30:00,6,cancelled,Wednesday
103,2024-01-10 18:15:00,5,show,Wednesday
104,2024-01-10 19:15:00,3,show,Wednesday
105,2024-01-10 20:00:00,2,show,Wednesday
106,2024-01-11 19:15:00,2,show,Thursday
107,2024-01-11 20:30:00,2,show,Thursday
108,2024-01-11 19:00:00,4,show,Thursday
109,2024-01-11 19:15:00,4,show,Thursday
110,2024-01-11 19:00:00,3,show,Thursday
111,2024-01-11 18:15:00,4,show,Thursday
112,2024-01-11 21:15:00,2,show,Thursday
113,2024-01-11 19:30:00,6,no_show,Thursday
114,2024-01-11 20:00:00,6,show,Thursday
115,2024-01-11 20:30:00,2,no_show,Thursday
116,2024-01-11 20:30:00,8,show,Thursday
117,2024-01-12 21:45:00,4,show,Friday
118,2024-01-12 18:00:00,4,show,Friday
119,2024-01-12 19:15:00,2,show,Friday
120,2024-01-12 20:30:00,3,show,Friday
121,2024-01-12 19:30:00,5,show,Friday
122,2024-01-12 19:15:00,2,show,Friday
123,2024-01-12 20:15:00,2,show,Friday
124,2024-01-12 18:00:00,3,show,Friday
125,2024-01-12 19:00:00,4,show,Friday
126,2024-01-12 19:00:00,2,show,Friday
127,2024-01-12 18:45:00,5,no_show,Friday
128,2024-01-12 18:45:00,2,no_show,Friday
129,2024-01-12 19:15:00,4,show,Friday
130,2024-01-12 20:15:00,6,show,Friday
131,2024-01-12 19:15:00,4,show,Friday
132,2024-01-12 20:45:00,2,show,Friday
133,2024-01-12 20:00:00,2,show,Friday
134,2024-01-12 19:00:00,3,show,Friday
135,2024-01-13 20:30:00,2,show,Saturday
136,2024-01-13 18:45:00,2,show,Saturday
137,2024-01-13 18:15:00,4,show,Saturday
138,2024-01-13 21:00:00,3,show,Saturday
139,2024-01-13 18:45:00,3,no_show,Saturday
140,2024-01-13 19:15:00,3,no_show,Saturday
141,2024-01-13 19:00:00,4,show,Saturday
142,2024-01-13 19:15:00,4,show,Saturday
143,2024-01-13 19:15:00,2,show,Saturday
144,2024-01-13 18:15:00,2,show,Saturday
145,2024-01-13 20:00:00,4,show,Saturday
146,2024-01-13 21:30:00,2,show,Saturday
147,2024-01-13 18:45:00,5,show,Saturday
148,2024-01-13 19:00:00,4,show,Saturday
149,2024-01-13 20:30:00,4,no_show,Saturday
150,2024-01-13 18:15:00,4,show,Saturday
151,2024-01-13 21:45:00,6,show,Saturday
152,2024-01-13 21:15:00,2,show,Saturday
153,2024-01-13 20:15:00,5,cancelled,Saturday
154,2024-01-13 20:15:00,2,show,Saturday
155,2024-01-14 19:15:00,2,no_show,Sunday
156,2024-01-14 20:45:00,2,no_show,Sunday
157,2024-01-14 19:00:00,2,show,Sunday
158,2024-01-14 18:30:00,3,show,Sunday
159,2024-01-14 21:15:00,2,cancelled,Sunday
160,2024-01-14 18:45:00,2,show,Sunday
161,2024-01-14 21:30:00,5,show,Sunday
162,2024-01-14 18:45:00,2,show,Sunday
163,2024-01-14 19:00:00,3,show,Sunday
164,2024-01-14 20:00:00,3,show,Sunday
165,2024-01-14 20:00:00,2,show,Sunday
166,2024-01-14 21:30:00,4,show,Sunday
167,2024-01-14 19:00:00,2,show,Sunday
168,2024-01-15 21:45:00,2,show,Monday
169,2024-01-15 19:30:00,4,show,Monday
170,2024-01-15 18:45:00,8,show,Monday
171,2024-01-15 20:00:00,2,show,Monday
172,2024-01-15 19:45:00,2,show,Monday
173,2024-01-15 18:30:00,2,show,Monday
174,2024-01-15 18:30:00,6,show,Monday
175,2024-01-15 19:00:00,5,show,Monday
176,2024-01-15 18:45:00,3,show,Monday
177,2024-01-16 20:00:00,2,show,Tuesday
178,2024-01-16 20:45:00,3,show,Tuesday
179,2024-01-16 18:30:00,4,cancelled,Tuesday
180,2024-01-16 18:00:00,5,show,Tuesday
181,2024-01-16 18:00:00,2,show,Tuesday
182,2024-01-16 19:30:00,3,show,Tuesday
183,2024-01-16 20:15:00,3,show,Tuesday
184,2024-01-16 21:45:00,2,show,Tuesday
185,2024-01-17 20:30:00,2,show,Wednesday
186,2024-01-17 19:30:00,2,cancelled,Wednesday
187,2024-01-17 18:00:00,2,show,Wednesday
188,2024-01-17 19:30:00,2,show,Wednesday
189,2024-01-17 20:30:00,2,show,Wednesday
190,2024-01-17 19:30:00,6,no_show,Wednesday
191,2024-01-17 19:15:00,3,show,Wednesday
192,2024-01-17 19:30:00,2,no_show,Wednesday
193,2024-01-17 20:30:00,2,no_show,Wednesday
194,2024-01-17 20:45:00,3,no_show,Wednesday
195,2024-01-18 21:00:00,4,no_show,Thursday
196,2024-01-18 21:15:00,2,show,Thursday
197,2024-01-18 20:30:00,3,show,Thursday
198,2024-01-18 19:00:00,4,show,Thursday
199,2024-01-18 20:45:00,5,show,Thursday
200,2024-01-18 18:15:00,6,show,Thursday
201,2024-01-18 19:30:00,4,cancelled,Thursday
202,2024-01-19 19:00:00,2,show,Friday
203,2024-01-19 19:45:00,2,no_show,Friday
204,2024-01-19 18:45:00,2,show,Friday
205,2024-01-19 21:45:00,4,show,Friday
206,2024-01-19 19:45:00,5,show,Friday
207,2024-01-19 19:00:00,2,show,Friday
208,2024-01-19 21:00:00,2,show,Friday
209,2024-01-19 18:45:00,5,show,Friday
210,2024-01-19 20:15:00,8,show,Friday
211,2024-01-19 19:15:00,6,cancelled,Friday
212,2024-01-19 19:30:00,4,show,Friday
213,2024-01-19 18:45:00,4,show,Friday
214,2024-01-19 18:45:00,4,show,Friday
215,2024-01-19 20:00:00,4,show,Friday
216,2024-01-19 19:45:00,2,show,Friday
217,2024-01-19 20:15:00,5,show,Friday
218,2024-01-19 20:15:00,5,show,Friday
219,2024-01-20 19:00:00,2,cancelled,Saturday
220,2024-01-20 18:30:00,2,show,Saturday
221,2024-01-20 19:45:00,2,show,Saturday
222,2024-01-20 20:15:00,4,show,Saturday
223,2024-01-20 19:00:00,5,show,Saturday
224,2024-01-20 20:45:00,2,show,Saturday
225,2024-01-20 20:15:00,2,no_show,Saturday
226,2024-01-20 20:45:00,4,show,Saturday
227,2024-01-20 19:45:00,2,show,Saturday
228,2024-01-20 19:45:00,5,show,Saturday
229,2024-01-20 19:45:00,2,show,Saturday
230,2024-01-20 19:45:00,4,show,Saturday
231,2024-01-20 19:00:00,6,show,Saturday
232,2024-01-20 18:30:00,5,show,Saturday
233,2024-01-20 20:45:00,2,show,Saturday
234,2024-01-20 19:30:00,2,show,Saturday
235,2024-01-20 18:00:00,2,show,Saturday
236,2024-01-20 20:30:00,2,show,Saturday
237,2024-01-21 19:00:00,5,show,Sunday
238,2024-01-21 20:00:00,2,show,Sunday
239,2024-01-21 19:45:00,3,show,Sunday
240,2024-01-21 19:00:00,4,show,Sunday
241,2024-01-21 18:30:00,4,show,Sunday
242,2024-01-21 19:00:00,2,show,Sunday
243,2024-01-21 20:00:00,2,show,Sunday
244,2024-01-21 19:45:00,2,show,Sunday
245,2024-01-21 21:30:00,2,show,Sunday
246,2024-01-21 18:00:00,6,cancelled,Sunday
247,2024-01-22 18:00:00,2,show,Monday
248,2024-01-22 20:45:00,2,show,Monday
249,2024-01-22 20:30:00,8,show,Monday
250,2024-01-22 18:00:00,6,show,Monday
251,2024-01-22 19:15:00,2,show,Monday
252,2024-01-23 19:00:00,3,no_show,Tuesday
253,2024-01-23 21:30:00,2,cancelled,Tuesday
254,2024-01-23 20:30:00,4,show,Tuesday
255,2024-01-23 18:45:00,6,show,Tuesday
256,2024-01-23 20:15:00,2,show,Tuesday
257,2024-01-23 21:30:00,2,show,Tuesday
258,2024-01-24 18:45:00,2,show,Wednesday
259,2024-01-24 20:45:00,2,show,Wednesday
260,2024-01-24 19:30:00,2,show,Wednesday
261,2024-01-24 20:30:00,5,no_show,Wednesday
262,2024-01-24 20:00:00,4,show,Wednesday
263,2024-01-24 19:15:00,2,show,Wednesday
264,2024-01-24 18:15:00,2,show,Wednesday
265,2024-01-24 19:15:00,2,show,Wednesday
266,2024-01-24 19:00:00,3,show,Wednesday
267,2024-01-24 20:30:00,4,show,Wednesday
268,2024-01-24 20:45:00,5,no_show,Wednesday
269,2024-01-25 18:00:00,2,show,Thursday
270,2024-01-25 18:30:00,2,show,Thursday
271,2024-01-25 19:45:00,3,show,Thursday
272,2024-01-25 20:45:00,3,show,Thursday
273,2024-01-25 21:15:00,4,show,Thursday
274,2024-01-25 19:45:00,3,no_show,Thursday
275,2024-01-26 20:45:00,2,show,Friday
276,2024-01-26 20:00:00,4,cancelled,Friday
277,2024-01-26 19:15:00,4,show,Friday
278,2024-01-26 19:15:00,6,show,Friday
279,2024-01-26 20:45:00,2,show,Friday
280,2024-01-26 20:45:00,3,show,Friday
281,2024-01-26 19:00:00,2,show,Friday
282,2024-01-26 21:30:00,4,show,Friday
283,2024-01-26 21:30:00,2,show,Friday
284,2024-01-26 19:00:00,2,show,Friday
285,2024-01-26 18:30:00,4,show,Friday
286,2024-01-26 19:30:00,2,no_show,Friday
287,2024-01-26 21:00:00,2,show,Friday
288,2024-01-26 19:15:00,2,show,Friday
289,2024-01-26 18:30:00,2,show,Friday
290,2024-01-26 19:15:00,3,show,Friday
291,2024-01-26 20:45:00,2,show,Friday
292,2024-01-26 20:00:00,5,show,Friday
293,2024-01-26 19:15:00,4,show,Friday
294,2024-01-26 19:15:00,2,no_show,Friday
295,2024-01-26 18:30:00,6,show,Friday
296,2024-01-26 19:15:00,4,show,Friday
297,2024-01-26 20:15:00,6,show,Friday
298,2024-01-26 20:15:00,3,show,Friday
299,2024-01-27 20:15:00,2,cancelled,Saturday
300,2024-01-27 19:00:00,4,show,Saturday
301,2024-01-27 20:30:00,4,show,Saturday
302,2024-01-27 19:30:00,3,show,Saturday
303,2024-01-27 18:30:00,4,no_show,Saturday
304,2024-01-27 18:15:00,2,show,Saturday
305,2024-01-27 20:30:00,4,show,Saturday
306,2024-01-27 20:00:00,3,show,Saturday
307,2024-01-27 21:00:00,4,show,Saturday
308,2024-01-27 18:45:00,6,show,Saturday
309,2024-01-27 19:15:00,2,show,Saturday
310,2024-01-27 20:00:00,4,show,Saturday
311,2024-01-27 20:00:00,2,show,Saturday
312,2024-01-27 19:00:00,2,show,Saturday
313,2024-01-27 18:30:00,2,show,Saturday
314,2024-01-27 19:15:00,4,show,Saturday
315,2024-01-27 20:15:00,3,no_show,Saturday
316,2024-01-27 20:15:00,2,show,Saturday
317,2024-01-27 20:15:00,2,show,Saturday
318,2024-01-27 18:00:00,4,show,Saturday
319,2024-01-27 19:45:00,4,no_show,Saturday
320,2024-01-28 19:00:00,2,show,Sunday
321,2024-01-28 18:30:00,4,show,Sunday
322,2024-01-28 18:00:00,2,show,Sunday
323,2024-01-28 19:45:00,2,show,Sunday
324,2024-01-28 20:15:00,5,show,Sunday
325,2024-01-28 20:30:00,5,no_show,Sunday
326,2024-01-28 20:00:00,4,show,Sunday
327,2024-01-28 18:00:00,2,show,Sunday
328,2024-01-28 19:15:00,2,show,Sunday
329,2024-01-28 20:45:00,3,show,Sunday
330,2024-01-29 18:15:00,3,show,Monday
331,2024-01-29 21:30:00,3,show,Monday
332,2024-01-29 18:30:00,5,show,Monday
333,2024-01-29 19:45:00,2,show,Monday
334,2024-01-29 19:00:00,4,no_show,Monday
335,2024-01-29 19:00:00,2,no_show,Monday
336,2024-01-29 18:30:00,3,show,Monday
337,2024-01-29 18:15:00,2,show,Monday
338,2024-01-29 19:00:00,2,show,Monday
339,2024-01-30 19:15:00,3,show,Tuesday
340,2024-01-30 20:00:00,2,show,Tuesday
341,2024-01-30 21:30:00,6,show,Tuesday
342,2024-01-30 18:00:00,2,show,Tuesday
343,2024-01-30 20:00:00,4,show,Tuesday
344,2024-01-30 20:45:00,6,show,Tuesday
345,2024-01-30 19:45:00,2,no_show,Tuesday
346,2024-01-30 21:45:00,4,show,Tuesday
347,2024-01-30 18:15:00,5,show,Tuesday
348,2024-01-30 21:45:00,3,no_show,Tuesday
